"0","bin_probability(0:5, 5, 0.5)"
"1","[1]"
"1"," 0.03125"
"1"," 0.15625"
"1"," 0.31250"
"1"," 0.31250"
"1"," 0.15625"
"1"," 0.03125"
"1","
"
